PumpID;STARTNODE;ENDNODE;PressureA;PressureB;PressureC;PowerA;PowerB;Qmin;QMAX;GAP MAX;GAP MIN;PUMP TYPE
1A;R1;J20;-0.0001430090671917451;0.0;91.26783277727577;1.22640426;35.63134164;0;1000;1000;1;FSD
2A;R2;J20;-0.0001430090671917451;0.0;91.26783277727577;1.22640426;35.63134164;0;1000;1000;1;FSD
3A;R3;J20;-0.0001430090671917451;0.0;91.26783277727577;1.22640426;35.63134164;0;1000;1000;1;FSD
