RESERVOIR_ID;Initial_Volume m3
t6;2984.5130209103
t5;2208.93233455532
