MATERIAL_ID;DARCY_FACTOR;AGING_PARAMETERS
FF_0.015;0.015;0.3
FF_0.01625;0.01625;0.3
FF_0.0175;0.0175;0.3
FF_0.01875;0.01875;0.3
FF_0.020;0.02;0.3
FF_0.02125;0.02125;0.3
FF_0.0225;0.0225;0.3
FF_0.02375;0.02375;0.3
FF_0.025;0.025;0.3
FF_0.02625;0.02625;0.3
FF_0.0275;0.0275;0.3
FF_0.02875;0.02875;0.3
FF_0.030;0.03;0.3
