PumpID;STARTNODE;ENDNODE;PressureA;PressureB;PressureC;PowerA;PowerB;Qmin;QMAX; GAP MAX; GAP MIN; PUMP TYPE
pmp1;n10;n11;-0.0008347307573852341;0.0;101.05522188244832;11.24091075;1.05062944;0;250;-200; 200;FSD
pmp2;n12;n13 ;-0.0008347307573852341;0.0;101.05522188244832;11.24091075;1.05062944;0;250;-200; 200;FSD
pmp6;n362;n364;-0.005345668715822122;0.0;119.01194311254059;78.0;0.0;0;250; -300; 300;FSD
