RESERVOIR_ID;Initial_Volume m3
Tank A;672.291010335
Tank B;465.662571
Tank C;34.211944
Tank D;218.7176806
Tank F;10.1787602
