RESERVOIR_ID;Initial_Volume m3
TA;672.291010335
TB;465.662571
TC;34.211944
TD;218.7176806
TF;10.1787602
