PumpID;STARTNODE;ENDNODE;PressureC;PressureB;PressureA;Power B;PowerA;Qmin NEW;QMAX NEW;GAP MAX;GAP MIN;;;
1A;209;766;-0.0218041030656;0.409231872;127.3826634;0.70367987;29.47752658;0;100;129.1;-0.1;FSD;-0.00000292086;0.00473648
2A;196;768;-0.0218041030656;0.409231872;127.3826634;0.6434793;30.71170147;0;100;129.1;-0.1;FSD;-0.00000292086;0.00473648
3A;175;186;-0.00089285400576;-0.1339285536;38.37499964;0.10123816;16.30647497;0;100;118.17;-15;FSD;-0.000000119606;-0.001550099
4B;125;353;-0.0015372965376;-0.1227514176;40.11020165;0.27253277;8.11621906;0;100;35.4;28.9;FSD;-0.000000205935;-0.001420734
5C;635;636;-2.12149684224;5.2787849472;120.999738;0.70581072;3.02520651;0;100;116.8;73.8;FSD;-0.000284194;0.061097048
6D;264;112;-0.272689016832;0.8648248608;87.57287137;0.54561517;6.15209142;0;100;88.3;54.5;FSD;-0.0000365292;0.010009547
7F;745;753;-0.0000000625989897216;-0.00099961344;36.99999967;0.52584474;0.71899268;0;100;37.1;-4.5;FSD;-0.00000000000838571;-0.0000115696
