RESERVOIR_ID;X_COORDINATE;Y_COORDINATE;Z_COORDINATE;VOLUME_MIN;VOLUME_MAX;Mean_Surface
TA;0;0;184.13;442.410858450966;1461.69077743113;433.7361357
TB;0;0;216;378.118007715618;679.867353774387;186.2650284
TC;0;0;258.9;17.1059719987964;68.4238879951856;34.211944
TD;0;0;241.18;120.294724298607;230.747152972783;109.3588403
TF;0;0;235.71;1.93396443754987;22.2914848328117;10.1787602
