{"1A": {"q": [[118.57341977761395, 118.57451339786195], [109.51207046240559, 109.84241527755384], [119.40790481061659, 119.76488633643322], [111.496916675746, 113.71164777530733], [104.2930939935193, 106.39417572192491], [102.63209059791305, 120.20610109211178], [80.54210305117016, 97.65592791879016], [82.56831636945596, 103.12512587748193], [96.69187051107035, 115.3522784206808], [96.69187051107036, 115.3522784206808], [97.47615966030473, 120.34596514241193], [97.47615966030473, 120.34596514241193], [97.47661261934651, 119.22065372641879], [97.47661261934651, 119.22065372641879], [89.28296766751492, 110.31602947059503], [89.28296766751492, 110.31602947059503], [82.26375237023676, 109.05199525315233], [82.27645109818263, 107.53568896519496], [79.23857416864116, 97.1351618594644], [87.44055871859973, 97.54450617138006], [97.54476631874881, 113.51422421256369], [94.41252946348197, 111.76993636437425], [103.66816516945899, 118.9985230833185], [103.66816516945899, 119.66233950668261]], "dh": [[100000000.0, -100000000.0], [-36.55798369135342, -36.43778319151876], [-38.95652865998006, -38.835988695993436], [100000000.0, -100000000.0], [-38.148053194152006, -38.027297699094795], [-38.637465444353865, -38.1564410363307], [100000000.0, -100000000.0], [100000000.0, -100000000.0], [100000000.0, -100000000.0], [100000000.0, -100000000.0], [-40.11000000000003, -38.8202], [-40.11000000000003, -38.8202], [-40.110000000000035, -39.51088571428571], [-40.110000000000035, -39.51088571428571], [100000000.0, -100000000.0], [100000000.0, -100000000.0], [100000000.0, -100000000.0], [100000000.0, -100000000.0], [100000000.0, -100000000.0], [100000000.0, -100000000.0], [100000000.0, -100000000.0], [100000000.0, -100000000.0], [-40.11, -36.87421983257219], [-40.11, -37.144999999999996]], "f": [[], [0, 3, 6, 7, 8, 9, 14, 15, 16, 17, 18, 19, 20, 21]]}, "2A": {"q": [[100000000.0, -100000000.0], [100000000.0, -100000000.0], [100000000.0, -100000000.0], [100000000.0, -100000000.0], [100000000.0, -100000000.0], [109.50647428594858, 110.0945049741262], [80.54233015174393, 97.65537669842733], [82.56824783102908, 103.14185609542689], [96.69653138060542, 110.36661542451213], [96.6965313806054, 110.36661542451213], [104.19385480701223, 110.39730755269645], [104.19385480701223, 110.39730755269645], [101.38713572215804, 110.3874938482819], [101.38713572215804, 110.3874938482819], [89.28294089907868, 110.30540895782062], [89.28294089907868, 110.30540895782062], [82.26377555925464, 109.06431682713887], [82.27645099128968, 107.53570095496829], [79.23833172435637, 97.13463140867015], [87.44058702619188, 97.55445482012242], [97.54280784137597, 110.34922036180687], [94.40924438184825, 110.34922036180687], [100000000.0, -100000000.0], [100000000.0, -100000000.0]], "dh": [[-34.886057401736025, -34.8658841460004], [-37.64669883724936, -36.437783191518754], [-38.95652865998006, -34.48668483972803], [-37.05989839885442, -36.37476846741416], [-39.13786045093868, -38.02729769909479], [-39.597031053915394, -34.346146699925875], [100000000.0, -100000000.0], [100000000.0, -100000000.0], [-39.512257435240784, -35.872705817291866], [-40.97219236682213, -35.87270581729187], [-40.97326072996549, -34.30028835042281], [-40.97326072996549, -34.30028835042281], [-40.97327132400188, -34.66044318638482], [-40.97327132400188, -34.66044318638482], [-40.97246065318008, -37.59943972580222], [-40.97246065318008, -37.59943972580222], [-40.97215825792604, -40.34622475673687], [100000000.0, -100000000.0], [100000000.0, -100000000.0], [100000000.0, -100000000.0], [-36.63949053786612, -36.43469865490785], [-40.972561796710124, -36.97084949288168], [-40.11, -34.73113610694807], [-40.11, -34.51948554716065]], "f": [[0, 1, 2, 3, 4, 22, 23], [6, 7, 17, 18, 19]]}, "3A": {"q": [[100000000.0, -100000000.0], [100000000.0, -100000000.0], [100000000.0, -100000000.0], [100000000.0, -100000000.0], [100000000.0, -100000000.0], [100000000.0, -100000000.0], [80.53816222105591, 97.6558468446523], [82.56937505307809, 93.4458434708315], [100000000.0, -100000000.0], [100000000.0, -100000000.0], [100000000.0, -100000000.0], [100000000.0, -100000000.0], [100000000.0, -100000000.0], [100000000.0, -100000000.0], [93.1823501755813, 98.19679994986353], [93.1823501755813, 98.19679994986353], [82.26503820176734, 98.22615302422655], [82.2723827941959, 98.23239707738482], [79.2380501881666, 97.13440502748038], [87.4405257246516, 97.53248452147623], [97.54440966326027, 98.21997595437526], [97.54479320915146, 98.21997595437526], [100000000.0, -100000000.0], [100000000.0, -100000000.0]], "dh": [[-34.886057401736025, -34.8658841460004], [-37.64669883724936, -36.437783191518754], [-38.95652865998006, -34.48668483972803], [-37.05989839885442, -36.37476846741416], [-39.13786045093868, -38.02729769909479], [-39.597031053915394, -34.346146699925875], [-42.654411347571255, -41.614954828822185], [-42.094837135749295, -39.441504574389356], [-41.17762935508906, -35.872705817291866], [-41.17762935508906, -35.87270581729187], [-40.973260729965496, -34.30028835042281], [-40.973260729965496, -34.30028835042281], [-40.97327132400188, -34.66044318638482], [-40.97327132400188, -34.66044318638482], [-43.01513686289216, -37.394172337522264], [-43.01513686289216, -37.394172337522264], [-43.01648536496074, -37.76148580363131], [-43.00702093480134, -38.21055722571288], [-43.007664476096146, -41.87124696716538], [100000000.0, -100000000.0], [-39.37890421909752, -36.43469865490785], [-41.76076279477634, -36.970849492881676], [-40.11, -34.73113610694807], [-40.11, -34.51948554716065]], "f": [[0, 1, 2, 3, 4, 5, 8, 9, 10, 11, 12, 13, 22, 23], [19]]}, "T1": {"qin": [[55.36341977761395, 55.383966634865594], [-63.21, 46.652415277553835], [-68.74000000000001, 51.044886336433215], [42.75691667574599, 44.99164777530732], [-95.205, 11.209175721924916], [-95.205, 124.6595254199275], [-75.1700394693096, 35.947385550768], [-70.61597041518088, 23.297075008649767], [-45.20200979441106, 72.4921908565458], [-50.655347276416045, 72.4921908565458], [-113.375, 107.25446106274026], [-113.375, 107.25446106274026], [-126.805, 93.83630157520625], [-126.805, 93.83630157520625], [-82.25455581741681, 114.21189397188037], [-82.25455581741681, 114.21189397188037], [-129.6507296016287, 66.79990369906251], [-48.47153952787506, 66.79990369906251], [-117.59092137991293, -5.120134313033182], [-33.61264015100978, -3.675550003584922], [-45.11207324469566, 135.93358107074937], [-60.52503749557841, 135.93358107074937], [-69.135, 49.8835230833185], [-69.135, 50.54733950668261]], "h": [[33.6, 33.6], [36.44777587427729, 36.44798369135342], [33.19749747723304, 38.84652865998006], [35.31130298170772, 35.82214877453532], [37.608462504976636, 38.038053194152006], [33.14155484195194, 38.52746544435384], [33.270698179187846, 39.55210186354821], [35.00105103390864, 38.840962167330076], [33.0, 38.44079026033184], [33.0, 40.0], [33.0, 40.0], [33.0, 40.0], [33.0, 40.0], [33.0, 40.0], [33.0, 40.0], [33.0, 40.0], [33.0, 40.0], [33.0, 40.0], [33.48938107603722, 40.0], [33.18955117281995, 37.05916444401804], [33.0, 35.37314579635304], [33.0, 40.0], [33.55562010013126, 40.0], [33.329219832572186, 40.0]]}, "T2": {"q": [[63.2, 63.2], [63.2, 63.2], [68.73, 68.73], [68.73, 68.73], [95.195, 95.195], [95.195, 95.195], [256.75, 256.75], [256.75, 256.75], [148.125, 148.125], [148.125, 148.125], [113.365, 113.365], [113.365, 113.365], [126.795, 126.795], [126.795, 126.795], [179.725, 179.725], [179.725, 179.725], [227.125, 227.125], [227.125, 227.125], [296.25, 296.25], [296.25, 296.25], [158.0, 158.0], [158.0, 158.0], [69.125, 69.125], [69.125, 69.125]]}}