{"1A": {"q": [[96.19593059682272, 118.6126626615921], [104.38174469542196, 114.58931701902134], [94.71680955809921, 119.46256583073627], [94.44326821422665, 116.84223072798049], [94.00588199427897, 120.34596514241193], [94.00588199427897, 120.34596514241193], [94.00588199427897, 120.34596514241193], [94.00588199427897, 120.34596514241193], [91.896874398646, 120.34596514241193], [91.896874398646, 120.34596514241193], [91.896874398646, 120.34596514241193], [91.896874398646, 120.34596514241193], [79.24040193822026, 108.69574367861519], [80.56724644760547, 108.69574367861519], [81.57343491306719, 108.69574367861519], [82.35714445242331, 108.69574367861519], [87.49902071500685, 118.1097870003562], [87.49903155236069, 118.1097870003562], [87.49903155236069, 118.1097870003562], [87.49903155236069, 118.1097870003562], [90.42094462689545, 120.34596514241193], [90.42094462689545, 120.34596514241193], [90.42094462689545, 120.34596514241193], [90.42094462689545, 120.34596514241193], [89.30605242814543, 119.82845995022606], [89.30605242814543, 119.82845995022606], [89.30605242814543, 119.82845995022606], [89.30605242814543, 119.82845995022606], [84.72915134444925, 115.45212650393265], [84.72915134444925, 115.45212650393265], [84.72915134444925, 115.45212650393265], [84.72915134444925, 115.45212650393265], [80.35600263588051, 111.34639629586292], [80.35600263588051, 111.34639629586292], [80.35600263588051, 111.34639629586292], [80.35945337931616, 110.2613861949415], [79.24661861389374, 104.40368332961991], [83.44596224775268, 104.80855828443192], [86.58322197246083, 104.14520625403038], [88.98025596240709, 104.28245274402443], [90.85355200796246, 117.2794814732722], [86.65976499168002, 117.2794814732722], [86.65976499168006, 117.2794814732722], [86.65976499168006, 117.2794814732722], [93.97927747446748, 120.34596514241193], [93.97927747446748, 120.34596514241193], [93.97927747446748, 120.34596514241193], [93.9745363153051, 120.34596514241193]], "dh": [[100000000.0, -100000000.0], [-39.53265846479431, -35.01330975014685], [-38.89544839932051, -35.89656441377835], [-40.01807645237476, -34.61514285714285], [-40.110000000000085, -34.75734285714285], [-40.110000000000085, -34.75734285714285], [-40.110000000000085, -34.75734285714285], [-40.110000000000085, -34.75734285714285], [-40.110000000000056, -35.43787142857142], [-40.110000000000056, -35.43787142857142], [-40.110000000000056, -35.43787142857142], [-40.110000000000056, -35.43787142857142], [-40.11000000000008, -39.59214285714286], [100000000.0, -100000000.0], [100000000.0, -100000000.0], [100000000.0, -100000000.0], [-38.807764856061446, -36.79892857142857], [-40.11000000000009, -36.79892857142857], [-40.11000000000009, -36.79892857142857], [-40.11000000000009, -36.79892857142857], [-40.110000000000085, -35.9051], [-40.110000000000085, -35.9051], [-40.110000000000085, -35.9051], [-40.110000000000085, -35.9051], [-40.110000000000085, -36.25044285714286], [-40.110000000000085, -36.25044285714286], [-40.110000000000085, -36.25044285714286], [-40.110000000000085, -36.25044285714286], [-40.11000000000009, -37.6115], [-40.11000000000009, -37.6115], [-40.11000000000009, -37.6115], [-40.11000000000009, -37.6115], [-40.11000000000009, -38.830357142857146], [-40.11000000000009, -38.830357142857146], [-40.11000000000009, -38.830357142857146], [-40.11000000000009, -39.236995687614964], [100000000.0, -100000000.0], [100000000.0, -100000000.0], [100000000.0, -100000000.0], [100000000.0, -100000000.0], [100000000.0, -100000000.0], [-38.83278787937776, -37.05285714285714], [-40.11000000000008, -37.05285714285714], [-40.11000000000008, -37.05285714285714], [-40.11000000000008, -34.7675], [-40.11000000000008, -34.7675], [-40.11000000000008, -34.7675], [-40.11000000000008, -35.367499999999986]], "f": [[], [0, 13, 14, 15, 36, 37, 38, 39, 40]]}, "2A": {"q": [[96.19587879120864, 108.76768787005325], [104.38344081695577, 104.93500295450302], [94.71361013651628, 109.51048136173792], [94.43867093464755, 107.11075056727415], [94.01310160595368, 110.39794273842375], [94.01310160595368, 110.39794273842375], [94.01310160595368, 110.39794273842375], [94.01310160595368, 110.39794273842375], [91.89366642972989, 110.41120955368899], [91.89366642972989, 110.41120955368899], [91.89366642972989, 110.41120955368899], [91.89366642972989, 110.41120955368899], [79.24495830552883, 107.38258933225063], [80.56185633028687, 107.38258933225063], [81.57261597091431, 107.38258933225063], [82.36497260516887, 107.38258933225063], [87.49795013556772, 110.41015387683498], [87.49510778792704, 110.41015387683498], [87.49510778792704, 110.41015387683498], [87.49510778792704, 110.41015387683498], [90.42281162352447, 110.4204811976908], [90.42281162352447, 110.4204811976908], [90.42281162352447, 110.4204811976908], [90.42281162352447, 110.4204811976908], [89.29861086229414, 110.42143831527508], [89.29861086229414, 110.42143831527508], [89.29861086229414, 110.42143831527508], [89.29861086229414, 110.42143831527508], [84.72611324601145, 110.38449338830723], [84.72611324601145, 110.38449338830723], [84.72611324601145, 110.38449338830723], [84.72611324601145, 110.38449338830723], [80.35182458727107, 109.79488256719367], [80.35182458727107, 109.79488256719367], [80.35182458727107, 109.79488256719367], [80.3522262637502, 108.8036248703041], [79.25226654354553, 103.48436981651923], [83.44265683170714, 103.85292457349418], [86.58348854046181, 104.06824425948803], [88.9799578559153, 104.06824425948803], [90.86099683735978, 110.40314294126989], [86.64553935645709, 110.40314294126989], [86.64553935645718, 110.40314294126989], [86.64553935645718, 110.40314294126989], [93.982238768665, 110.39813870063075], [93.982238768665, 110.39813870063075], [93.982238768665, 110.39813870063075], [93.982238768665, 110.39813870063075]], "dh": [[-34.893185447454634, -34.853622257164204], [-39.53265846479429, -35.01330975014685], [-39.84248024419219, -34.58673169144241], [-40.07676953906243, -34.61514285714285], [-40.21857992901614, -34.30028830406164], [-40.21857992901614, -34.30028830406164], [-40.21857992901614, -34.30028830406164], [-40.21857992901614, -34.30028830406164], [-40.91838178515142, -34.30028827588635], [-40.91838178515142, -34.30028827588635], [-40.91838178515142, -34.30028827588635], [-40.91838178515142, -34.30028827588635], [-40.97311569326678, -37.86511938374618], [-40.54606389274064, -37.86511940147216], [-40.215603556267304, -37.86511941491434], [-39.95607730706705, -37.86511942538431], [-39.759734154228546, -35.012656252024655], [-40.97323802031037, -35.01265625202482], [-40.97323802031037, -35.01265625202482], [-40.97323802031037, -35.01265625202482], [-40.97318110096834, -34.30028825616868], [-40.97318110096834, -34.30028825616868], [-40.97318110096834, -34.30028825616868], [-40.97318110096834, -34.30028825616868], [-40.97312552882675, -34.46633549366525], [-40.97312552882675, -34.46633549366525], [-40.97312552882675, -34.46633549366525], [-40.97312552882675, -34.46633549366525], [-40.97329076457435, -35.84191818415396], [-40.97329076457435, -35.84191818415396], [-40.97329076457435, -35.84191818415396], [-40.97329076457435, -35.84191818415396], [-40.97362274206629, -37.08591947963357], [-40.97362274206629, -37.08591947963357], [-40.97362274206629, -37.08591947963357], [-40.97336770567716, -37.41833971804534], [-40.97232606103684, -39.09566841899997], [-39.595382139212056, -38.976490916736836], [100000000.0, -100000000.0], [100000000.0, -100000000.0], [-36.990814808429256, -35.27376106988302], [-39.78313983049001, -35.27376101385614], [-40.97346096897216, -35.273761013856124], [-40.97346096897216, -35.273761013856124], [-40.228958961236124, -34.30028830370622], [-40.228958961236124, -34.30028830370622], [-40.228958961236124, -34.30028830370622], [-40.22896162474421, -34.30028830364287]], "f": [[], [38, 39]]},