PIPE_ID;START_NODE_ID;END_NODE_ID;A;B;Q_Min;Q_Max
T1A;J2;T1;9.0706556124e-05;0;0;1000
T2A;T1;J1;6.01020134266e-05;0.00270753326684;0;1000
