PumpID;STARTNODE;ENDNODE;PressureA;PressureB;PressureC;PowerA;PowerB;Qmin;QMAX;GAP MAX;GAP MIN;PUMP TYPE
1A;R1;J2;-0.00133595346065125;0.0;53.65905467048628;0.19568467;53.94494336;0;122;43.4;33;FSD
2A;R2;J2;-0.00133595346065125;0.0;53.65905467048628;0.19568467;53.94494336;0;122;43.4;33;FSD
3A;R3;J2;-0.00133595346065125;0.0;53.65905467048628;0.19568467;53.94494336;0;122;43.4;33;FSD
